split,Churn,n,pct
full,0,4682,0.8316163410301953
full,1,948,0.16838365896980462
train,0,3746,0.8317051509769094
train,1,758,0.16829484902309058
test,0,936,0.8312611012433393
test,1,190,0.16873889875666073
