split,Churn,n,pct
full,0,4233,0.834253054789121
full,1,841,0.165746945210879
train,0,3386,0.8341956146834195
train,1,673,0.16580438531658043
test,0,847,0.8344827586206897
test,1,168,0.16551724137931034
