{
  "beta": 2.0,
  "threshold": 0.2911988340627046,
  "fbeta_cv_oof": 0.8060421426758061,
  "precision_cv_oof": 0.5092221331194867,
  "recall_cv_oof": 0.9435364041604755,
  "cv_folds": 5,
  "cv_size": 4059,
  "cv_churners": 673
}